"","nm","m1","bw","m2","focr","focr_se","fdr","fdr_se","pwr","pwr_se","mu_type","cov_type","snr"
"1","BH","BH","","",NA,NA,0.0214164339162495,0.00150922225919683,0.336255217650566,0.00332592191588447,"sine","matern",0.166666666666667
"2","LAWS","LAWS","","",NA,NA,0.0738392340359809,0.00310152874687947,0.435897435897436,0.00373670768541013,"sine","matern",0.166666666666667
"3","SABHA","SABHA","","",NA,NA,0.0669221234331916,0.00290187954976019,0.4391771019678,0.00392007694813719,"sine","matern",0.166666666666667
"4","FOCR-O3-RAW","FOCR (overlap)","3","",0.0203528456365944,0.00152914515846068,0.021537423362168,0.00156243609633012,0.336016696481813,0.00357099409421099,"sine","matern",0.166666666666667
"5","FOCR-O3-BH","FOCR (overlap)","3","BH",NA,NA,0.0187188698066675,0.00153329437534891,0.268217054263566,0.00358845748369199,"sine","matern",0.166666666666667
"6","FOCR-O3-LAWS","FOCR (overlap)","3","LAWS",NA,NA,0.0200987052416315,0.00160385737192851,0.287418008348241,0.00371152080869442,"sine","matern",0.166666666666667
"7","FOCR-O3-SABHA","FOCR (overlap)","3","SABHA",NA,NA,0.0192668471100758,0.00155515313737163,0.279308288610614,0.00381793621763825,"sine","matern",0.166666666666667
"8","FOCR-D3-RAW","FOCR (disjoint)","3","",0.0206388179072499,0.00157473451451189,0.0207477503691236,0.00157399843236689,0.325521765056649,0.00334639317336635,"sine","matern",0.166666666666667
"9","FOCR-D3-BH","FOCR (disjoint)","3","BH",NA,NA,0.0176487150335187,0.00154030139425763,0.254323196183661,0.00351217318229862,"sine","matern",0.166666666666667
"10","FOCR-D3-LAWS","FOCR (disjoint)","3","LAWS",NA,NA,0.0193509141660937,0.00156963342936593,0.2768038163387,0.00363567544952643,"sine","matern",0.166666666666667
"11","FOCR-D3-SABHA","FOCR (disjoint)","3","SABHA",NA,NA,0.0188394954926977,0.0015605513215768,0.269111508646392,0.00371965025899158,"sine","matern",0.166666666666667
"12","FOCR-O11-RAW","FOCR (overlap)","11","",0.0178707342383929,0.00145255347310751,0.0245648731294574,0.00163749875754799,0.401371496720334,0.00378003713697347,"sine","matern",0.166666666666667
"13","FOCR-O11-BH","FOCR (overlap)","11","BH",NA,NA,0.0234762669077731,0.00167382043077164,0.375313059033989,0.00348020004247907,"sine","matern",0.166666666666667
"14","FOCR-O11-LAWS","FOCR (overlap)","11","LAWS",NA,NA,0.0232193065585427,0.001644244326155,0.378115682766846,0.00351501377370921,"sine","matern",0.166666666666667
"15","FOCR-O11-SABHA","FOCR (overlap)","11","SABHA",NA,NA,0.022370268767361,0.00164599542743351,0.363744782349434,0.00353958466085575,"sine","matern",0.166666666666667
"16","FOCR-D11-RAW","FOCR (disjoint)","11","",0.017379276814556,0.00147623461641167,0.01912071719236,0.00151540548497049,0.338163387000596,0.00358851044473936,"sine","matern",0.166666666666667
"17","FOCR-D11-BH","FOCR (disjoint)","11","BH",NA,NA,0.0188229520477104,0.00153424506030339,0.313834227787716,0.00345620508770507,"sine","matern",0.166666666666667
"18","FOCR-D11-LAWS","FOCR (disjoint)","11","LAWS",NA,NA,0.0197036132727893,0.00158414335395843,0.324508050089445,0.00348488972431143,"sine","matern",0.166666666666667
"19","FOCR-D11-SABHA","FOCR (disjoint)","11","SABHA",NA,NA,0.0187478163401607,0.0014919439082376,0.314549791293977,0.00350497417695108,"sine","matern",0.166666666666667
"20","FOCR-O21-RAW","FOCR (overlap)","21","",0.016240989909817,0.00138437817983066,0.0418418675377429,0.00198643730903612,0.472212283840191,0.00420696366147271,"sine","matern",0.166666666666667
"21","FOCR-O21-BH","FOCR (overlap)","21","BH",NA,NA,0.0241962630831617,0.00170426537032375,0.395766249254621,0.00327858856028563,"sine","matern",0.166666666666667
"22","FOCR-O21-LAWS","FOCR (overlap)","21","LAWS",NA,NA,0.0282513135405433,0.00181240715705132,0.415384615384615,0.0035343870860572,"sine","matern",0.166666666666667
"23","FOCR-O21-SABHA","FOCR (overlap)","21","SABHA",NA,NA,0.0259316146622192,0.00172993708037451,0.38974358974359,0.00366622997907358,"sine","matern",0.166666666666667
"24","FOCR-D21-RAW","FOCR (disjoint)","21","",0.0153944946085737,0.00148857974409257,0.0328745143528516,0.00197606121043772,0.355217650566488,0.00356248929796648,"sine","matern",0.166666666666667
"25","FOCR-D21-BH","FOCR (disjoint)","21","BH",NA,NA,0.0231192615023821,0.00175152486524159,0.336851520572451,0.00334451177623156,"sine","matern",0.166666666666667
"26","FOCR-D21-LAWS","FOCR (disjoint)","21","LAWS",NA,NA,0.0232620857811912,0.00173072924744991,0.337805605247466,0.00336971042717034,"sine","matern",0.166666666666667
"27","FOCR-D21-SABHA","FOCR (disjoint)","21","SABHA",NA,NA,0.0203504811390305,0.00162984393282422,0.326296958855098,0.00338418008780461,"sine","matern",0.166666666666667
"28","BH","BH","","",NA,NA,0.0214208888178236,0.00119162152942986,0.407573047107931,0.00238819561946255,"sine","matern",0.189189189189189
"29","LAWS","LAWS","","",NA,NA,0.0764034459413634,0.00286686025165543,0.483005366726297,0.00266785099064022,"sine","matern",0.189189189189189
"30","SABHA","SABHA","","",NA,NA,0.0544365434520565,0.00214213812907396,0.490936195587358,0.00280175663347999,"sine","matern",0.189189189189189
"31","FOCR-O3-RAW","FOCR (overlap)","3","",0.0169241110407543,0.00110063421322617,0.019479112908442,0.00119567523462283,0.413834227787716,0.00250238254474518,"sine","matern",0.189189189189189
"32","FOCR-O3-BH","FOCR (overlap)","3","BH",NA,NA,0.0069875238507314,0.000607524009420474,0.349493142516398,0.00240137448057587,"sine","matern",0.189189189189189
"33","FOCR-O3-LAWS","FOCR (overlap)","3","LAWS",NA,NA,0.0112299355635542,0.000847558972578857,0.368753726893262,0.00241914126291203,"sine","matern",0.189189189189189
"34","FOCR-O3-SABHA","FOCR (overlap)","3","SABHA",NA,NA,0.0112448970928425,0.000857348046143127,0.363804412641622,0.00245495087477288,"sine","matern",0.189189189189189
"35","FOCR-D3-RAW","FOCR (disjoint)","3","",0.0169596277071926,0.00107606198293838,0.0174033357068244,0.00110165416675906,0.398389982110912,0.00244898350439198,"sine","matern",0.189189189189189
"36","FOCR-D3-BH","FOCR (disjoint)","3","BH",NA,NA,0.00524074659384469,0.000477309368418141,0.333750745378652,0.00231019763740226,"sine","matern",0.189189189189189
"37","FOCR-D3-LAWS","FOCR (disjoint)","3","LAWS",NA,NA,0.00996654060084337,0.000787423372425724,0.356946929039952,0.00240735375505553,"sine","matern",0.189189189189189
"38","FOCR-D3-SABHA","FOCR (disjoint)","3","SABHA",NA,NA,0.0089562432521784,0.000739169468938932,0.350626118067979,0.00242335791235119,"sine","matern",0.189189189189189
"39","FOCR-O11-RAW","FOCR (overlap)","11","",0.0140863740001171,0.00101467304902829,0.0225250347806108,0.00144685219047319,0.481216457960644,0.00285715177283249,"sine","matern",0.189189189189189
"40","FOCR-O11-BH","FOCR (overlap)","11","BH",NA,NA,0.0211797842184226,0.00141935130917502,0.444186046511628,0.0024776046792123,"sine","matern",0.189189189189189
"41","FOCR-O11-LAWS","FOCR (overlap)","11","LAWS",NA,NA,0.0209997496535327,0.00140433940249395,0.448240906380441,0.00254934058549715,"sine","matern",0.189189189189189
"42","FOCR-O11-SABHA","FOCR (overlap)","11","SABHA",NA,NA,0.0195864669490822,0.00135322140107006,0.43422778771616,0.00252378175857886,"sine","matern",0.189189189189189
"43","FOCR-D11-RAW","FOCR (disjoint)","11","",0.0126673818384345,0.000945811160455808,0.0148260015281546,0.00104287145834992,0.403100775193798,0.00248625911583722,"sine","matern",0.189189189189189
"44","FOCR-D11-BH","FOCR (disjoint)","11","BH",NA,NA,0.0141893257295181,0.000978890521720461,0.386165772212284,0.00237127781558492,"sine","matern",0.189189189189189
"45","FOCR-D11-LAWS","FOCR (disjoint)","11","LAWS",NA,NA,0.0151719962887809,0.00106741486091305,0.389266547406082,0.00239273585521876,"sine","matern",0.189189189189189
"46","FOCR-D11-SABHA","FOCR (disjoint)","11","SABHA",NA,NA,0.0145318710329672,0.00100718108172514,0.383064997018485,0.00234198557738232,"sine","matern",0.189189189189189
"47","FOCR-O21-RAW","FOCR (overlap)","21","",0.0129750163905091,0.000991324294771165,0.0459774385418912,0.00176934163533268,0.549254621347645,0.00328239347390779,"sine","matern",0.189189189189189
"48","FOCR-O21-BH","FOCR (overlap)","21","BH",NA,NA,0.0234423634211284,0.00151386634032816,0.456410256410256,0.00238971740107017,"sine","matern",0.189189189189189
"49","FOCR-O21-LAWS","FOCR (overlap)","21","LAWS",NA,NA,0.025452202261966,0.00160955139465002,0.47298747763864,0.0025930182547594,"sine","matern",0.189189189189189
"50","FOCR-O21-SABHA","FOCR (overlap)","21","SABHA",NA,NA,0.0223761550245315,0.00147077672318289,0.451401311866428,0.00263200698724964,"sine","matern",0.189189189189189
"51","FOCR-D21-RAW","FOCR (disjoint)","21","",0.0157194657194657,0.00111524427617712,0.0270709713566856,0.00135087684219769,0.420453190220632,0.00259064736658105,"sine","matern",0.189189189189189
"52","FOCR-D21-BH","FOCR (disjoint)","21","BH",NA,NA,0.0160299602801426,0.00116775960200243,0.394931425163983,0.00234062135271919,"sine","matern",0.189189189189189
"53","FOCR-D21-LAWS","FOCR (disjoint)","21","LAWS",NA,NA,0.017358739792313,0.00119720663134411,0.398032200357782,0.00239212853940646,"sine","matern",0.189189189189189
"54","FOCR-D21-SABHA","FOCR (disjoint)","21","SABHA",NA,NA,0.012496642228081,0.0010367950863913,0.387239117471676,0.00239207642777383,"sine","matern",0.189189189189189
"55","BH","BH","","",NA,NA,0.0424409268771136,0.00174471273497949,0.475611210494931,0.0019796175192169,"sine","matern",0.210526315789474
"56","LAWS","LAWS","","",NA,NA,0.0997506601991114,0.00311520016146442,0.557662492546213,0.00388940391182619,"sine","matern",0.210526315789474
"57","SABHA","SABHA","","",NA,NA,0.0863190237471951,0.00301706432804415,0.560345855694693,0.00385516699619856,"sine","matern",0.210526315789474
"58","FOCR-O3-RAW","FOCR (overlap)","3","",0.0376327813954748,0.00172102413862472,0.0414646990242114,0.00178417749959955,0.484138342277877,0.00199883331344555,"sine","matern",0.210526315789474
"59","FOCR-O3-BH","FOCR (overlap)","3","BH",NA,NA,0.0190331985941614,0.00121893441824888,0.424448419797257,0.00178609181519565,"sine","matern",0.210526315789474
"60","FOCR-O3-LAWS","FOCR (overlap)","3","LAWS",NA,NA,0.027036429233987,0.00144248554687773,0.443410852713178,0.00194235193575427,"sine","matern",0.210526315789474
"61","FOCR-O3-SABHA","FOCR (overlap)","3","SABHA",NA,NA,0.0259158257567887,0.00142774778768072,0.440369707811568,0.00197672601702722,"sine","matern",0.210526315789474
"62","FOCR-D3-RAW","FOCR (disjoint)","3","",0.0384505663040178,0.00171207822196477,0.0389282186444152,0.00171839652164204,0.467740011926058,0.00199590207443655,"sine","matern",0.210526315789474
"63","FOCR-D3-BH","FOCR (disjoint)","3","BH",NA,NA,0.0158094483689927,0.00110348401939562,0.408407871198569,0.00176934656711798,"sine","matern",0.210526315789474
"64","FOCR-D3-LAWS","FOCR (disjoint)","3","LAWS",NA,NA,0.0247189001038484,0.00134634759192217,0.432677400119261,0.00194172057360256,"sine","matern",0.210526315789474
"65","FOCR-D3-SABHA","FOCR (disjoint)","3","SABHA",NA,NA,0.0230419887700732,0.00131665458898942,0.427787716159809,0.00196638054851112,"sine","matern",0.210526315789474
"66","FOCR-O11-RAW","FOCR (overlap)","11","",0.0359609324571269,0.00175077444732173,0.0551642795831271,0.00201488667712775,0.55778175313059,0.00233614953652462,"sine","matern",0.210526315789474
"67","FOCR-O11-BH","FOCR (overlap)","11","BH",NA,NA,0.0473792850028279,0.00199063514587609,0.514549791293977,0.00204318245785582,"sine","matern",0.210526315789474
"68","FOCR-O11-LAWS","FOCR (overlap)","11","LAWS",NA,NA,0.0473605483656469,0.00199087317909257,0.517948717948718,0.0020788328502971,"sine","matern",0.210526315789474
"69","FOCR-O11-SABHA","FOCR (overlap)","11","SABHA",NA,NA,0.0459500309662461,0.0019711693399604,0.506797853309481,0.00212003119585385,"sine","matern",0.210526315789474
"70","FOCR-D11-RAW","FOCR (disjoint)","11","",0.0390379097275649,0.0018432693955712,0.0439431215867997,0.00189127124571954,0.476207513416816,0.00204671503469426,"sine","matern",0.210526315789474
"71","FOCR-D11-BH","FOCR (disjoint)","11","BH",NA,NA,0.03510197336547,0.00177903996885003,0.455456171735241,0.00189602472511641,"sine","matern",0.210526315789474
"72","FOCR-D11-LAWS","FOCR (disjoint)","11","LAWS",NA,NA,0.0363926787497978,0.001776756126334,0.46046511627907,0.00199128111304301,"sine","matern",0.210526315789474
"73","FOCR-D11-SABHA","FOCR (disjoint)","11","SABHA",NA,NA,0.0346046104249793,0.0017814538207797,0.453726893261777,0.00197675082816408,"sine","matern",0.210526315789474
"74","FOCR-O21-RAW","FOCR (overlap)","21","",0.0321745939183924,0.00181253699768892,0.0859692934550528,0.00228952304243956,0.629934406678593,0.0027624022154776,"sine","matern",0.210526315789474
"75","FOCR-O21-BH","FOCR (overlap)","21","BH",NA,NA,0.0464588154338041,0.00213513902267783,0.518425760286225,0.00228445724098657,"sine","matern",0.210526315789474
"76","FOCR-O21-LAWS","FOCR (overlap)","21","LAWS",NA,NA,0.0535705035529665,0.00224593882514733,0.539773404889684,0.00249264229959456,"sine","matern",0.210526315789474
"77","FOCR-O21-SABHA","FOCR (overlap)","21","SABHA",NA,NA,0.0497914971851504,0.0022126072448517,0.522242098986285,0.00258868009856904,"sine","matern",0.210526315789474
"78","FOCR-D21-RAW","FOCR (disjoint)","21","",0.0388607689148024,0.00185124668615161,0.0594446121967235,0.00185246011067167,0.493321407274896,0.0020795375605756,"sine","matern",0.210526315789474
"79","FOCR-D21-BH","FOCR (disjoint)","21","BH",NA,NA,0.0357439202628095,0.00173748411378576,0.459451401311866,0.00191202621376494,"sine","matern",0.210526315789474
"80","FOCR-D21-LAWS","FOCR (disjoint)","21","LAWS",NA,NA,0.037702784340311,0.00181801211675947,0.461240310077519,0.00197877188994488,"sine","matern",0.210526315789474
"81","FOCR-D21-SABHA","FOCR (disjoint)","21","SABHA",NA,NA,0.0344332242468933,0.00172335861561016,0.452951699463327,0.0019884959824798,"sine","matern",0.210526315789474
"82","BH","BH","","",NA,NA,0.0213959437944736,0.00123640793421344,0.5072152653548,0.0023363769604741,"sine","matern",0.230769230769231
"83","LAWS","LAWS","","",NA,NA,0.0866705613801823,0.0035379323128283,0.569290399522958,0.00323582549332038,"sine","matern",0.230769230769231
"84","SABHA","SABHA","","",NA,NA,0.0736836628609642,0.00319017521606159,0.577161598091831,0.00300549578105956,"sine","matern",0.230769230769231
"85","FOCR-O3-RAW","FOCR (overlap)","3","",0.0179516074341268,0.00105365246328974,0.0197307121990178,0.00112564560941784,0.518187239117472,0.0023615679524804,"sine","matern",0.230769230769231
"86","FOCR-O3-BH","FOCR (overlap)","3","BH",NA,NA,0.0042532321774879,0.000415214334208389,0.473404889683959,0.00226115630726505,"sine","matern",0.230769230769231
"87","FOCR-O3-LAWS","FOCR (overlap)","3","LAWS",NA,NA,0.0124076660865834,0.000795646190631149,0.484734645199761,0.00230917838020699,"sine","matern",0.230769230769231
"88","FOCR-O3-SABHA","FOCR (overlap)","3","SABHA",NA,NA,0.0119215555578276,0.000771215561015168,0.481812760882528,0.002328944481147,"sine","matern",0.230769230769231
"89","FOCR-D3-RAW","FOCR (disjoint)","3","",0.0179442254866409,0.00110227355105496,0.0180480676465578,0.00110049208018848,0.501371496720334,0.00226437773130833,"sine","matern",0.230769230769231
"90","FOCR-D3-BH","FOCR (disjoint)","3","BH",NA,NA,0.00345771682278305,0.000365891441534424,0.455456171735241,0.00219903421641289,"sine","matern",0.230769230769231
"91","FOCR-D3-LAWS","FOCR (disjoint)","3","LAWS",NA,NA,0.0105140280007105,0.000743880220955574,0.473464519976148,0.0023062481648116,"sine","matern",0.230769230769231
"92","FOCR-D3-SABHA","FOCR (disjoint)","3","SABHA",NA,NA,0.0101651717091216,0.0007196555539852,0.470065593321407,0.00230509684452539,"sine","matern",0.230769230769231
"93","FOCR-O11-RAW","FOCR (overlap)","11","",0.017537869494434,0.0010689004207765,0.0281174420498345,0.00139296733697478,0.595885509838998,0.00259139821166579,"sine","matern",0.230769230769231
"94","FOCR-O11-BH","FOCR (overlap)","11","BH",NA,NA,0.0216127953504081,0.00121792524202561,0.541323792486583,0.0023207838796249,"sine","matern",0.230769230769231
"95","FOCR-O11-LAWS","FOCR (overlap)","11","LAWS",NA,NA,0.0217785701376967,0.00118637753667575,0.5463923673226,0.00238961221632722,"sine","matern",0.230769230769231
"96","FOCR-O11-SABHA","FOCR (overlap)","11","SABHA",NA,NA,0.0205005402553124,0.00118347115528847,0.535658914728682,0.00243676341407919,"sine","matern",0.230769230769231
"97","FOCR-D11-RAW","FOCR (disjoint)","11","",0.0179225703300513,0.00122013871145806,0.0197842774634976,0.00134998958112329,0.512462731067382,0.00258174604957525,"sine","matern",0.230769230769231
"98","FOCR-D11-BH","FOCR (disjoint)","11","BH",NA,NA,0.0143657773036185,0.000959176188857823,0.491532498509243,0.00252177691467361,"sine","matern",0.230769230769231
"99","FOCR-D11-LAWS","FOCR (disjoint)","11","LAWS",NA,NA,0.0162366744520514,0.00112658234106953,0.493440667859272,0.00251298051270086,"sine","matern",0.230769230769231
"100","FOCR-D11-SABHA","FOCR (disjoint)","11","SABHA",NA,NA,0.0143896588384318,0.000981249369384243,0.488431723315444,0.00251456086978927,"sine","matern",0.230769230769231
"101","FOCR-O21-RAW","FOCR (overlap)","21","",0.0166647784798009,0.00101875957936584,0.0638098805417875,0.00179296920892011,0.671556350626118,0.00304831707646381,"sine","matern",0.230769230769231
"102","FOCR-O21-BH","FOCR (overlap)","21","BH",NA,NA,0.0251116125675938,0.00127771010359276,0.539892665474061,0.0024006552858675,"sine","matern",0.230769230769231
"103","FOCR-O21-LAWS","FOCR (overlap)","21","LAWS",NA,NA,0.0312763178019156,0.00141675900071965,0.563446630888491,0.00265631244376959,"sine","matern",0.230769230769231
"104","FOCR-O21-SABHA","FOCR (overlap)","21","SABHA",NA,NA,0.0282552827041407,0.00134055873937339,0.546273106738223,0.00273388103457034,"sine","matern",0.230769230769231
"105","FOCR-D21-RAW","FOCR (disjoint)","21","",0.0204857397504456,0.00133820693115887,0.0367795498493567,0.00130742402389867,0.538759689922481,0.00274666014521403,"sine","matern",0.230769230769231
"106","FOCR-D21-BH","FOCR (disjoint)","21","BH",NA,NA,0.0170305035375777,0.00125503951840601,0.498211091234347,0.00249228892711713,"sine","matern",0.230769230769231
"107","FOCR-D21-LAWS","FOCR (disjoint)","21","LAWS",NA,NA,0.0165327727986224,0.00117514608203135,0.50077519379845,0.00247050694150892,"sine","matern",0.230769230769231
"108","FOCR-D21-SABHA","FOCR (disjoint)","21","SABHA",NA,NA,0.0151435852025044,0.0011513057254672,0.490280262373286,0.00254275496556572,"sine","matern",0.230769230769231
"109","BH","BH","","",NA,NA,0.0150819699228158,0.000901075842163097,0.553548002385212,0.00156312206789462,"sine","matern",0.25
"110","LAWS","LAWS","","",NA,NA,0.0761246685606148,0.00293458771983079,0.60530709600477,0.00279995302406601,"sine","matern",0.25
"111","SABHA","SABHA","","",NA,NA,0.0679994592231519,0.00283431753792481,0.622540250447227,0.00249328496473906,"sine","matern",0.25
"112","FOCR-O3-RAW","FOCR (overlap)","3","",0.0118184073608309,0.00080554284525078,0.0135308092714509,0.000862659481034618,0.56654740608229,0.00158179453949542,"sine","matern",0.25
"113","FOCR-O3-BH","FOCR (overlap)","3","BH",NA,NA,0.00550786982814233,0.000544424498484844,0.525939177101968,0.00158046459798731,"sine","matern",0.25
"114","FOCR-O3-LAWS","FOCR (overlap)","3","LAWS",NA,NA,0.00791859870369703,0.000693862667084898,0.537865235539654,0.00154922724541394,"sine","matern",0.25
"115","FOCR-O3-SABHA","FOCR (overlap)","3","SABHA",NA,NA,0.00782130005026142,0.000691861739056327,0.535957066189624,0.00157763814998223,"sine","matern",0.25
"116","FOCR-D3-RAW","FOCR (disjoint)","3","",0.0127978842107121,0.000827031113395672,0.0128889588919507,0.000833850395748261,0.548062015503876,0.00153803934503136,"sine","matern",0.25
"117","FOCR-D3-BH","FOCR (disjoint)","3","BH",NA,NA,0.00490037883408602,0.000496673354807912,0.506797853309481,0.00157386814890364,"sine","matern",0.25
"118","FOCR-D3-LAWS","FOCR (disjoint)","3","LAWS",NA,NA,0.00721365759748417,0.00065837432430946,0.525402504472272,0.00157915682992417,"sine","matern",0.25
"119","FOCR-D3-SABHA","FOCR (disjoint)","3","SABHA",NA,NA,0.00705605152809547,0.000656348208111503,0.522122838401908,0.0015992617070335,"sine","matern",0.25
"120","FOCR-O11-RAW","FOCR (overlap)","11","",0.010331126223729,0.000806159940748566,0.0221253314737941,0.00108365634275068,0.648360166964818,0.0016189175274934,"sine","matern",0.25
"121","FOCR-O11-BH","FOCR (overlap)","11","BH",NA,NA,0.011792888723638,0.000915743637446511,0.591115086463924,0.00152267223970095,"sine","matern",0.25
"122","FOCR-O11-LAWS","FOCR (overlap)","11","LAWS",NA,NA,0.013171737850085,0.000939604650661337,0.595587358378056,0.00152976204426763,"sine","matern",0.25
"123","FOCR-O11-SABHA","FOCR (overlap)","11","SABHA",NA,NA,0.0117027554631709,0.000910635370938809,0.584973166368515,0.00157143952206866,"sine","matern",0.25
"124","FOCR-D11-RAW","FOCR (disjoint)","11","",0.0104007561960639,0.000735889802636003,0.0107572624349231,0.000765150614857872,0.570423375074538,0.00148153612492,"sine","matern",0.25
"125","FOCR-D11-BH","FOCR (disjoint)","11","BH",NA,NA,0.00775231610212301,0.000682556745012027,0.542635658914729,0.00140163630282565,"sine","matern",0.25
"126","FOCR-D11-LAWS","FOCR (disjoint)","11","LAWS",NA,NA,0.00761172261634701,0.000676584639130102,0.546332737030411,0.0014330619754159,"sine","matern",0.25
"127","FOCR-D11-SABHA","FOCR (disjoint)","11","SABHA",NA,NA,0.00756088422524114,0.000676988936494095,0.540608228980322,0.00143944763818695,"sine","matern",0.25
"128","FOCR-O21-RAW","FOCR (overlap)","21","",0.00952069976448023,0.000781490565312945,0.0681008168140615,0.00125787739099951,0.734168157423971,0.00159656581872246,"sine","matern",0.25
"129","FOCR-O21-BH","FOCR (overlap)","21","BH",NA,NA,0.0131530148085475,0.0010408396253982,0.590816935002981,0.00142803363218048,"sine","matern",0.25
"130","FOCR-O21-LAWS","FOCR (overlap)","21","LAWS",NA,NA,0.0173160150091524,0.00114170626434352,0.617054263565891,0.00143889669908057,"sine","matern",0.25
"131","FOCR-O21-SABHA","FOCR (overlap)","21","SABHA",NA,NA,0.0160977854123856,0.00108388483811274,0.602981514609422,0.00152470413421999,"sine","matern",0.25
"132","FOCR-D21-RAW","FOCR (disjoint)","21","",0.0101624037169515,0.000841235763439327,0.0392981711505928,0.000952262606482157,0.598986285032797,0.00186396815161501,"sine","matern",0.25
"133","FOCR-D21-BH","FOCR (disjoint)","21","BH",NA,NA,0.00829331422334598,0.00081523115972018,0.545676803816339,0.00163202762741798,"sine","matern",0.25
"134","FOCR-D21-LAWS","FOCR (disjoint)","21","LAWS",NA,NA,0.0079450647003981,0.000797599111787167,0.549135360763268,0.00164288523461632,"sine","matern",0.25
"135","FOCR-D21-SABHA","FOCR (disjoint)","21","SABHA",NA,NA,0.00753648706792723,0.000797114520544223,0.539355992844365,0.00170077050649394,"sine","matern",0.25
"136","BH","BH","","",NA,NA,0.0216706826829471,0.0012241277462266,0.589147286821705,0.00199064884429212,"sine","matern",0.268292682926829
"137","LAWS","LAWS","","",NA,NA,0.0684236753728494,0.00213128795157043,0.623732856290996,0.00241734636788968,"sine","matern",0.268292682926829
"138","SABHA","SABHA","","",NA,NA,0.0591439126926203,0.00201484084526106,0.638640429338104,0.0022873858891131,"sine","matern",0.268292682926829
"139","FOCR-O3-RAW","FOCR (overlap)","3","",0.0196234361575194,0.00117313479289606,0.0209934088855907,0.00124248052388579,0.602564102564103,0.00199223426871742,"sine","matern",0.268292682926829
"140","FOCR-O3-BH","FOCR (overlap)","3","BH",NA,NA,0.00776328221013935,0.000679037265885286,0.56463923673226,0.00201289257329049,"sine","matern",0.268292682926829
"141","FOCR-O3-LAWS","FOCR (overlap)","3","LAWS",NA,NA,0.0150196913046193,0.000941220982776061,0.573822301729279,0.00197949054300171,"sine","matern",0.268292682926829
"142","FOCR-O3-SABHA","FOCR (overlap)","3","SABHA",NA,NA,0.0146321225418758,0.000919203662162473,0.571973762671437,0.00200547484036749,"sine","matern",0.268292682926829
"143","FOCR-D3-RAW","FOCR (disjoint)","3","",0.0196522345525027,0.00117212227757702,0.0197288629049931,0.00117848531346929,0.583124627310674,0.00195134235902066,"sine","matern",0.268292682926829
"144","FOCR-D3-BH","FOCR (disjoint)","3","BH",NA,NA,0.00734313564570192,0.000668655209571464,0.544901610017889,0.0019711677094842,"sine","matern",0.268292682926829
"145","FOCR-D3-LAWS","FOCR (disjoint)","3","LAWS",NA,NA,0.0135410527657413,0.000866928936067808,0.562969588550984,0.00194679198023712,"sine","matern",0.268292682926829
"146","FOCR-D3-SABHA","FOCR (disjoint)","3","SABHA",NA,NA,0.0130696816267405,0.000847100175365069,0.559212880143113,0.00196493754993495,"sine","matern",0.268292682926829
"147","FOCR-O11-RAW","FOCR (overlap)","11","",0.0184195722478582,0.00108953974215899,0.0269932183199641,0.00133600431458052,0.684078711985689,0.00210455871328593,"sine","matern",0.268292682926829
"148","FOCR-O11-BH","FOCR (overlap)","11","BH",NA,NA,0.0218388294636137,0.00129550255324055,0.61902206320811,0.00194113638078391,"sine","matern",0.268292682926829
"149","FOCR-O11-LAWS","FOCR (overlap)","11","LAWS",NA,NA,0.0214369359512585,0.00126343638184326,0.624686940966011,0.00197655956759833,"sine","matern",0.268292682926829
"150","FOCR-O11-SABHA","FOCR (overlap)","11","SABHA",NA,NA,0.0210631721595538,0.00125988768942605,0.616219439475253,0.0020488306597769,"sine","matern",0.268292682926829
"151","FOCR-D11-RAW","FOCR (disjoint)","11","",0.0189734390566434,0.00110041411543084,0.0199084576921968,0.00113125825450722,0.606738223017293,0.00207182286828837,"sine","matern",0.268292682926829
"152","FOCR-D11-BH","FOCR (disjoint)","11","BH",NA,NA,0.0160182115637529,0.00100882125297268,0.579129397734049,0.00199302496996308,"sine","matern",0.268292682926829
"153","FOCR-D11-LAWS","FOCR (disjoint)","11","LAWS",NA,NA,0.0161481310425949,0.00103296716698351,0.582230172927847,0.00201977927385053,"sine","matern",0.268292682926829
"154","FOCR-D11-SABHA","FOCR (disjoint)","11","SABHA",NA,NA,0.0158973625143257,0.00101369107745365,0.577400119260584,0.00206954906515295,"sine","matern",0.268292682926829
"155","FOCR-O21-RAW","FOCR (overlap)","21","",0.0170523640454068,0.00106632214145027,0.0790945870979488,0.00132640584832317,0.762075134168157,0.00203262429970948,"sine","matern",0.268292682926829
"156","FOCR-O21-BH","FOCR (overlap)","21","BH",NA,NA,0.0211812623058443,0.00124963930687251,0.618545020870602,0.00195656325611108,"sine","matern",0.268292682926829
"157","FOCR-O21-LAWS","FOCR (overlap)","21","LAWS",NA,NA,0.0259718422660962,0.00139040819434665,0.640011926058438,0.00208806948718416,"sine","matern",0.268292682926829
"158","FOCR-O21-SABHA","FOCR (overlap)","21","SABHA",NA,NA,0.0247622730924994,0.00135333073092482,0.628264758497317,0.00220414681872475,"sine","matern",0.268292682926829
"159","FOCR-D21-RAW","FOCR (disjoint)","21","",0.0154172474412412,0.000906499226781537,0.0450991846185713,0.00100045462658794,0.643172331544425,0.00223586771889722,"sine","matern",0.268292682926829
"160","FOCR-D21-BH","FOCR (disjoint)","21","BH",NA,NA,0.0159510213882569,0.00101836287451794,0.583005366726297,0.00209537720855728,"sine","matern",0.268292682926829
"161","FOCR-D21-LAWS","FOCR (disjoint)","21","LAWS",NA,NA,0.0154692874639646,0.000992764991526369,0.585271317829457,0.00207365667175909,"sine","matern",0.268292682926829
"162","FOCR-D21-SABHA","FOCR (disjoint)","21","SABHA",NA,NA,0.015073275841873,0.000995467803968233,0.577877161598092,0.00212068656224519,"sine","matern",0.268292682926829
"163","BH","BH","","",NA,NA,0.0290304154356127,0.00132353514291423,0.611270125223614,0.00145425674599364,"sine","matern",0.285714285714286
"164","LAWS","LAWS","","",NA,NA,0.0712412039727145,0.00322471810944709,0.650268336314848,0.00278811610380629,"sine","matern",0.285714285714286
"165","SABHA","SABHA","","",NA,NA,0.070089099407915,0.00290783014030103,0.667382230172928,0.00257209659717015,"sine","matern",0.285714285714286
"166","FOCR-O3-RAW","FOCR (overlap)","3","",0.0266921544747616,0.0012369063832705,0.0293472456001593,0.00131297322664632,0.626356589147287,0.00147257085417737,"sine","matern",0.285714285714286
"167","FOCR-O3-BH","FOCR (overlap)","3","BH",NA,NA,0.0135778184792582,0.000826712291383279,0.5840190816935,0.00149480119651771,"sine","matern",0.285714285714286
"168","FOCR-O3-LAWS","FOCR (overlap)","3","LAWS",NA,NA,0.0193883838168907,0.00104483335422104,0.59809183064997,0.00144759621991915,"sine","matern",0.285714285714286
"169","FOCR-O3-SABHA","FOCR (overlap)","3","SABHA",NA,NA,0.0192804942046195,0.00104230507408255,0.596064400715564,0.00147819434515771,"sine","matern",0.285714285714286
"170","FOCR-D3-RAW","FOCR (disjoint)","3","",0.027078415434192,0.00124490207865588,0.0275128184115148,0.00125066521514964,0.608646392367323,0.00151621657375879,"sine","matern",0.285714285714286
"171","FOCR-D3-BH","FOCR (disjoint)","3","BH",NA,NA,0.0121632204038628,0.000764087023222492,0.564877757901014,0.00150737623174603,"sine","matern",0.285714285714286
"172","FOCR-D3-LAWS","FOCR (disjoint)","3","LAWS",NA,NA,0.0180692851982985,0.000984538482219983,0.585688729874776,0.00142129191689099,"sine","matern",0.285714285714286
"173","FOCR-D3-SABHA","FOCR (disjoint)","3","SABHA",NA,NA,0.0171801717059701,0.000948084486268128,0.582409063804413,0.00141516081355216,"sine","matern",0.285714285714286
"174","FOCR-O11-RAW","FOCR (overlap)","11","",0.0244847201307935,0.00119473266983715,0.0429309012535596,0.00163608109587684,0.710733452593918,0.00154596437499513,"sine","matern",0.285714285714286
"175","FOCR-O11-BH","FOCR (overlap)","11","BH",NA,NA,0.0292023902299353,0.0014246167228261,0.640011926058438,0.00156500351898763,"sine","matern",0.285714285714286
"176","FOCR-O11-LAWS","FOCR (overlap)","11","LAWS",NA,NA,0.0301290440808888,0.00142503932793215,0.647286821705426,0.00145677833043425,"sine","matern",0.285714285714286
"177","FOCR-O11-SABHA","FOCR (overlap)","11","SABHA",NA,NA,0.0284162133270391,0.00139141979721862,0.638819320214669,0.00155270701456685,"sine","matern",0.285714285714286
"178","FOCR-D11-RAW","FOCR (disjoint)","11","",0.0267960637906375,0.00130831280974717,0.0300946173875305,0.00139317445732218,0.626774001192606,0.00166151242221659,"sine","matern",0.285714285714286
"179","FOCR-D11-BH","FOCR (disjoint)","11","BH",NA,NA,0.022268798416171,0.00117900107225514,0.595885509838998,0.00147943389353484,"sine","matern",0.285714285714286
"180","FOCR-D11-LAWS","FOCR (disjoint)","11","LAWS",NA,NA,0.0229155454791257,0.0011964942922707,0.599940369707812,0.00145521198014647,"sine","matern",0.285714285714286
"181","FOCR-D11-SABHA","FOCR (disjoint)","11","SABHA",NA,NA,0.0225800795664547,0.00118206533142206,0.596064400715564,0.00146745508101422,"sine","matern",0.285714285714286
"182","FOCR-O21-RAW","FOCR (overlap)","21","",0.0199354455306341,0.00110706192242261,0.0926265632371768,0.00175138920774097,0.792188431723315,0.00168333082873095,"sine","matern",0.285714285714286
"183","FOCR-O21-BH","FOCR (overlap)","21","BH",NA,NA,0.0311490767250408,0.00148925431038071,0.636911150864639,0.00151741294247105,"sine","matern",0.285714285714286
"184","FOCR-O21-LAWS","FOCR (overlap)","21","LAWS",NA,NA,0.0411329280694902,0.00175013177271402,0.664162194394753,0.00163100930998719,"sine","matern",0.285714285714286
"185","FOCR-O21-SABHA","FOCR (overlap)","21","SABHA",NA,NA,0.038170865856041,0.00164249230948529,0.654084675014908,0.00167934908793207,"sine","matern",0.285714285714286
"186","FOCR-D21-RAW","FOCR (disjoint)","21","",0.0247082668793195,0.00127511798831318,0.0623061012460983,0.00154282275627722,0.668753726893262,0.00195539729423536,"sine","matern",0.285714285714286
"187","FOCR-D21-BH","FOCR (disjoint)","21","BH",NA,NA,0.0280105415970872,0.0014435451779326,0.602683363148479,0.00165936110866062,"sine","matern",0.285714285714286
"188","FOCR-D21-LAWS","FOCR (disjoint)","21","LAWS",NA,NA,0.0277210175392344,0.00146299019576165,0.606678592725104,0.0015730564250552,"sine","matern",0.285714285714286
"189","FOCR-D21-SABHA","FOCR (disjoint)","21","SABHA",NA,NA,0.0270947064471749,0.00143931247950394,0.601192605843769,0.00161976935063278,"sine","matern",0.285714285714286
"190","BH","BH","","",NA,NA,0.0180136744437357,0.0010904527022542,0.61902206320811,0.00116066487564056,"sine","matern",0.302325581395349
"191","LAWS","LAWS","","",NA,NA,0.0524338414396262,0.00243224075541833,0.652116875372689,0.00173389761074666,"sine","matern",0.302325581395349
"192","SABHA","SABHA","","",NA,NA,0.0489424759705242,0.00241171821046347,0.661061419200954,0.00153941390441772,"sine","matern",0.302325581395349
"193","FOCR-O3-RAW","FOCR (overlap)","3","",0.015324764929728,0.00102677431671052,0.0170814452543973,0.00109593403612709,0.634108527131783,0.00117872094646592,"sine","matern",0.302325581395349
"194","FOCR-O3-BH","FOCR (overlap)","3","BH",NA,NA,0.00614692938885671,0.000543816616979947,0.600298151460942,0.00107410845380592,"sine","matern",0.302325581395349
"195","FOCR-O3-LAWS","FOCR (overlap)","3","LAWS",NA,NA,0.0119703298788992,0.000855487398322542,0.608288610614192,0.00112776712258137,"sine","matern",0.302325581395349
"196","FOCR-O3-SABHA","FOCR (overlap)","3","SABHA",NA,NA,0.0113099063058767,0.000825487439258098,0.605784138342278,0.00110658489719572,"sine","matern",0.302325581395349
"197","FOCR-D3-RAW","FOCR (disjoint)","3","",0.0150299231974227,0.00102261573264943,0.0155801720296315,0.0010300164657927,0.616815742397138,0.00117180051018544,"sine","matern",0.302325581395349
"198","FOCR-D3-BH","FOCR (disjoint)","3","BH",NA,NA,0.0050960503337469,0.000463946715556578,0.581216457960644,0.00109117198458768,"sine","matern",0.302325581395349
"199","FOCR-D3-LAWS","FOCR (disjoint)","3","LAWS",NA,NA,0.0102546369205194,0.00074227066261101,0.597018485390578,0.00112683716817171,"sine","matern",0.302325581395349
"200","FOCR-D3-SABHA","FOCR (disjoint)","3","SABHA",NA,NA,0.00947360179536228,0.000707306692323862,0.594096601073345,0.00111989720068863,"sine","matern",0.302325581395349
"201","FOCR-O11-RAW","FOCR (overlap)","11","",0.0139517616450906,0.00106778360225706,0.0284254506612496,0.00130027240505136,0.717650566487776,0.00116283902655617,"sine","matern",0.302325581395349
"202","FOCR-O11-BH","FOCR (overlap)","11","BH",NA,NA,0.0200649154083383,0.00128020531747156,0.646273106738223,0.00117686789967551,"sine","matern",0.302325581395349
"203","FOCR-O11-LAWS","FOCR (overlap)","11","LAWS",NA,NA,0.0200153983438595,0.00126324851610163,0.653428741800835,0.00119012895726082,"sine","matern",0.302325581395349
"204","FOCR-O11-SABHA","FOCR (overlap)","11","SABHA",NA,NA,0.0196844918449225,0.00128700063503033,0.645974955277281,0.00123506651456239,"sine","matern",0.302325581395349
"205","FOCR-D11-RAW","FOCR (disjoint)","11","",0.0116359675183205,0.00103194092988088,0.0145338581167458,0.00102252095293902,0.635658914728682,0.00128020493615239,"sine","matern",0.302325581395349
"206","FOCR-D11-BH","FOCR (disjoint)","11","BH",NA,NA,0.0142184803430076,0.00104777384147965,0.610435301132976,0.00128520902606615,"sine","matern",0.302325581395349
"207","FOCR-D11-LAWS","FOCR (disjoint)","11","LAWS",NA,NA,0.0143297943528122,0.00104005953659807,0.611091234347048,0.00125869168379229,"sine","matern",0.302325581395349
"208","FOCR-D11-SABHA","FOCR (disjoint)","11","SABHA",NA,NA,0.0143602866031272,0.00104258383807676,0.607036374478235,0.00129496511628329,"sine","matern",0.302325581395349
"209","FOCR-O21-RAW","FOCR (overlap)","21","",0.01304764547774,0.00112462035013594,0.0833893618743005,0.00125062193849168,0.799165175909362,0.00101170917922809,"sine","matern",0.302325581395349
"210","FOCR-O21-BH","FOCR (overlap)","21","BH",NA,NA,0.0193866557480117,0.00133399827744255,0.643947525342874,0.00123557602774311,"sine","matern",0.302325581395349
"211","FOCR-O21-LAWS","FOCR (overlap)","21","LAWS",NA,NA,0.02541547728526,0.00149555444139513,0.664519976147883,0.00131687900591778,"sine","matern",0.302325581395349
"212","FOCR-O21-SABHA","FOCR (overlap)","21","SABHA",NA,NA,0.0229766048642086,0.00151038195910623,0.654561717352415,0.00139206997596555,"sine","matern",0.302325581395349
"213","FOCR-D21-RAW","FOCR (disjoint)","21","",0.0105185185185185,0.00107865466793466,0.0493666741550421,0.00102735548418688,0.686821705426357,0.00170833660785879,"sine","matern",0.302325581395349
"214","FOCR-D21-BH","FOCR (disjoint)","21","BH",NA,NA,0.0151006086114319,0.00118627037039157,0.613893858079905,0.00155875464832786,"sine","matern",0.302325581395349
"215","FOCR-D21-LAWS","FOCR (disjoint)","21","LAWS",NA,NA,0.0140034772408082,0.00121012147142179,0.615861657722123,0.00150226335749359,"sine","matern",0.302325581395349
"216","FOCR-D21-SABHA","FOCR (disjoint)","21","SABHA",NA,NA,0.0145927303030815,0.00125680247077903,0.610494931425164,0.00157010731712925,"sine","matern",0.302325581395349
"217","BH","BH","","",NA,NA,0.0205831281407575,0.00107255470298341,0.632975551580203,0.00150366246709635,"sine","matern",0.318181818181818
"218","LAWS","LAWS","","",NA,NA,0.0609696743139326,0.00232698180420213,0.663148479427549,0.00221827284834293,"sine","matern",0.318181818181818
"219","SABHA","SABHA","","",NA,NA,0.0576329977130692,0.00222403368053738,0.669827072152654,0.00206058347605345,"sine","matern",0.318181818181818
"220","FOCR-O3-RAW","FOCR (overlap)","3","",0.0180924924585557,0.0010086501388209,0.0201033726545378,0.00109853879426327,0.648240906380441,0.00150581365772437,"sine","matern",0.318181818181818
"221","FOCR-O3-BH","FOCR (overlap)","3","BH",NA,NA,0.00864089764906553,0.000639781426979891,0.61711389385808,0.00147246676992235,"sine","matern",0.318181818181818
"222","FOCR-O3-LAWS","FOCR (overlap)","3","LAWS",NA,NA,0.0134735881393406,0.000827334465472054,0.623792486583184,0.00153322201481846,"sine","matern",0.318181818181818
"223","FOCR-O3-SABHA","FOCR (overlap)","3","SABHA",NA,NA,0.0130904037459143,0.000809227940396601,0.621884317233154,0.00153396822631448,"sine","matern",0.318181818181818
"224","FOCR-D3-RAW","FOCR (disjoint)","3","",0.0183908365607791,0.00102112834958893,0.0186371539932247,0.00102671015129693,0.629695885509839,0.00148097876537192,"sine","matern",0.318181818181818
"225","FOCR-D3-BH","FOCR (disjoint)","3","BH",NA,NA,0.00723250883792317,0.000584480060856006,0.59809183064997,0.00141166046687328,"sine","matern",0.318181818181818
"226","FOCR-D3-LAWS","FOCR (disjoint)","3","LAWS",NA,NA,0.012077022871261,0.000765359451319599,0.610614192009541,0.00148381855934045,"sine","matern",0.318181818181818
"227","FOCR-D3-SABHA","FOCR (disjoint)","3","SABHA",NA,NA,0.0114479611755023,0.000728530126112199,0.608706022659511,0.00147898490181685,"sine","matern",0.318181818181818
"228","FOCR-O11-RAW","FOCR (overlap)","11","",0.0168780820223755,0.000963362689085141,0.0333728171011319,0.0013396771268763,0.733810375670841,0.00152071557289785,"sine","matern",0.318181818181818
"229","FOCR-O11-BH","FOCR (overlap)","11","BH",NA,NA,0.0225844647258906,0.00119668182456238,0.658437686344663,0.00146205866344395,"sine","matern",0.318181818181818
"230","FOCR-O11-LAWS","FOCR (overlap)","11","LAWS",NA,NA,0.022204727860489,0.00117729467898644,0.666428145497913,0.00145952379942683,"sine","matern",0.318181818181818
"231","FOCR-O11-SABHA","FOCR (overlap)","11","SABHA",NA,NA,0.0219649290151598,0.00116929251401963,0.659033989266547,0.00152419473860861,"sine","matern",0.318181818181818
"232","FOCR-D11-RAW","FOCR (disjoint)","11","",0.0162880180876785,0.000895703270976701,0.0185454327135142,0.00100528644177533,0.6536076326774,0.00178427513410686,"sine","matern",0.318181818181818
"233","FOCR-D11-BH","FOCR (disjoint)","11","BH",NA,NA,0.0157312405756006,0.000956341754457874,0.621824686940966,0.00152177949521983,"sine","matern",0.318181818181818
"234","FOCR-D11-LAWS","FOCR (disjoint)","11","LAWS",NA,NA,0.0166798592829736,0.00096931723306986,0.622122838401908,0.00154235412808706,"sine","matern",0.318181818181818
"235","FOCR-D11-SABHA","FOCR (disjoint)","11","SABHA",NA,NA,0.0161462324897799,0.000946550699129258,0.618902802623733,0.0015567396305609,"sine","matern",0.318181818181818
"236","FOCR-O21-RAW","FOCR (overlap)","21","",0.0167706910186984,0.00093727652796019,0.0946338231981064,0.00139250865998986,0.814549791293977,0.00141668922517213,"sine","matern",0.318181818181818
"237","FOCR-O21-BH","FOCR (overlap)","21","BH",NA,NA,0.0233355926440395,0.00120391583199737,0.654561717352415,0.00145233313627718,"sine","matern",0.318181818181818
"238","FOCR-O21-LAWS","FOCR (overlap)","21","LAWS",NA,NA,0.0304841137519716,0.0015645340263214,0.674836016696482,0.0015051783986675,"sine","matern",0.318181818181818
"239","FOCR-O21-SABHA","FOCR (overlap)","21","SABHA",NA,NA,0.0290405660410003,0.00149123350002196,0.66577221228384,0.00161219321711952,"sine","matern",0.318181818181818
"240","FOCR-D21-RAW","FOCR (disjoint)","21","",0.0212170660511622,0.00113561840249983,0.0619617339342644,0.00124046815796372,0.710316040548599,0.00169102330341877,"sine","matern",0.318181818181818
"241","FOCR-D21-BH","FOCR (disjoint)","21","BH",NA,NA,0.0182954422992201,0.000987473777012142,0.632200357781753,0.00164192343624425,"sine","matern",0.318181818181818
"242","FOCR-D21-LAWS","FOCR (disjoint)","21","LAWS",NA,NA,0.0177028552936767,0.00101528387730149,0.634824090638044,0.00151144190996516,"sine","matern",0.318181818181818
"243","FOCR-D21-SABHA","FOCR (disjoint)","21","SABHA",NA,NA,0.01792512081388,0.00100479029085128,0.628622540250447,0.00161147181572068,"sine","matern",0.318181818181818
"244","BH","BH","","",NA,NA,0.0294672876962312,0.00112375723466898,0.665056648777579,0.00127361294690406,"sine","matern",0.333333333333333
"245","LAWS","LAWS","","",NA,NA,0.0818063065529592,0.002807697930687,0.710316040548599,0.002192351739642,"sine","matern",0.333333333333333
"246","SABHA","SABHA","","",NA,NA,0.0767387258141666,0.00270638464830506,0.716636851520572,0.00206812172811494,"sine","matern",0.333333333333333
"247","FOCR-O3-RAW","FOCR (overlap)","3","",0.0273437247384603,0.00109063028564883,0.0296087281513423,0.00114482177462664,0.68097793679189,0.00127876749019656,"sine","matern",0.333333333333333
"248","FOCR-O3-BH","FOCR (overlap)","3","BH",NA,NA,0.0122277906071242,0.000922060006568997,0.644722719141324,0.00113016912737092,"sine","matern",0.333333333333333
"249","FOCR-O3-LAWS","FOCR (overlap)","3","LAWS",NA,NA,0.0211617060426541,0.000979026915282182,0.654323196183661,0.00116753229725048,"sine","matern",0.333333333333333
"250","FOCR-O3-SABHA","FOCR (overlap)","3","SABHA",NA,NA,0.0204276044723133,0.000978783627087204,0.65247465712582,0.00117018101696901,"sine","matern",0.333333333333333
"251","FOCR-D3-RAW","FOCR (disjoint)","3","",0.0264260213310506,0.00106856116602079,0.0269604016953112,0.00108081846382132,0.661001788908766,0.00129604564416312,"sine","matern",0.333333333333333
"252","FOCR-D3-BH","FOCR (disjoint)","3","BH",NA,NA,0.0113137328543708,0.000887881824249848,0.625700655933214,0.00114793942442565,"sine","matern",0.333333333333333
"253","FOCR-D3-LAWS","FOCR (disjoint)","3","LAWS",NA,NA,0.018885503674737,0.000945947746147509,0.641323792486583,0.0011900070383151,"sine","matern",0.333333333333333
"254","FOCR-D3-SABHA","FOCR (disjoint)","3","SABHA",NA,NA,0.0177498867841472,0.000928592153503707,0.63840190816935,0.00118370346803857,"sine","matern",0.333333333333333
"255","FOCR-O11-RAW","FOCR (overlap)","11","",0.0261011303013812,0.00106018007133992,0.0473139430517999,0.00125559676982995,0.766129994036971,0.00136867172759713,"sine","matern",0.333333333333333
"256","FOCR-O11-BH","FOCR (overlap)","11","BH",NA,NA,0.0340143414888688,0.0012608341653613,0.690161001788909,0.00133589110922692,"sine","matern",0.333333333333333
"257","FOCR-O11-LAWS","FOCR (overlap)","11","LAWS",NA,NA,0.0332709385130977,0.00123090935076318,0.69809183064997,0.0013410470431791,"sine","matern",0.333333333333333
"258","FOCR-O11-SABHA","FOCR (overlap)","11","SABHA",NA,NA,0.0330198583447665,0.0012362392948397,0.691949910554562,0.00139848938173224,"sine","matern",0.333333333333333
"259","FOCR-D11-RAW","FOCR (disjoint)","11","",0.0263669172879699,0.00111488438821349,0.0288911239542918,0.00112552749896683,0.683005366726297,0.00144878719045541,"sine","matern",0.333333333333333
"260","FOCR-D11-BH","FOCR (disjoint)","11","BH",NA,NA,0.0259024201979684,0.00114028571574791,0.656231365533691,0.00135128477150286,"sine","matern",0.333333333333333
"261","FOCR-D11-LAWS","FOCR (disjoint)","11","LAWS",NA,NA,0.0248450450155808,0.00111265154459013,0.656589147286822,0.00133488876284384,"sine","matern",0.333333333333333
"262","FOCR-D11-SABHA","FOCR (disjoint)","11","SABHA",NA,NA,0.0250621200768078,0.00112185007138899,0.654859868813357,0.00139335387651558,"sine","matern",0.333333333333333
"263","FOCR-O21-RAW","FOCR (overlap)","21","",0.0218151517135891,0.000971024039609566,0.10770184259875,0.00125616336581984,0.842933810375671,0.00139216245636215,"sine","matern",0.333333333333333
"264","FOCR-O21-BH","FOCR (overlap)","21","BH",NA,NA,0.0313023732703782,0.00127898352405728,0.687418008348241,0.0013786687670883,"sine","matern",0.333333333333333
"265","FOCR-O21-LAWS","FOCR (overlap)","21","LAWS",NA,NA,0.0417116053417485,0.0013664021991594,0.710435301132976,0.00159042040330523,"sine","matern",0.333333333333333
"266","FOCR-O21-SABHA","FOCR (overlap)","21","SABHA",NA,NA,0.038889600596484,0.00134609046304807,0.703160405485987,0.00167981995002481,"sine","matern",0.333333333333333
"267","FOCR-D21-RAW","FOCR (disjoint)","21","",0.0227305836802404,0.00101854587775342,0.0655187291792391,0.00108171706201778,0.735122242098986,0.00176363988389361,"sine","matern",0.333333333333333
"268","FOCR-D21-BH","FOCR (disjoint)","21","BH",NA,NA,0.0254309556165517,0.00113051393346302,0.668217054263566,0.00150981857666588,"sine","matern",0.333333333333333
"269","FOCR-D21-LAWS","FOCR (disjoint)","21","LAWS",NA,NA,0.0251134735991456,0.00110799654524076,0.668336314847943,0.00149986729742859,"sine","matern",0.333333333333333
"270","FOCR-D21-SABHA","FOCR (disjoint)","21","SABHA",NA,NA,0.0248986570493319,0.00112693316316077,0.664937388193202,0.00155008308871294,"sine","matern",0.333333333333333
